climate_cell,cell_ID,RCNII,X_L93,Y_L93
1,79402,81.5,-256997,266942
2,79403,100,-256997,267442
2,79404,75.5,-256997,267942
2,79405,75.5,-256997,268442
2,79406,100,-256997,268942
2,79407,75.5,-256997,269442
2,79408,100,-256997,269942
2,79409,100,-256997,270442
2,79410,100,-256997,270942
2,79412,67.5,-256997,271942
2,79413,100,-256997,272442
2,79414,67.5,-256997,272942
2,79415,79,-256997,273442
2,79416,79,-256997,273942
2,79417,79,-256997,274442
2,79767,75.5,-256497,267442
2,79768,79,-256497,267942
2,79769,79,-256497,268442
2,79770,75.5,-256497,268942
2,79771,100,-256497,269442
2,79772,100,-256497,269942
2,79773,100,-256497,270442
2,79776,67.5,-256497,271942
2,79777,100,-256497,272442
2,79778,67.5,-256497,272942
2,79779,67.5,-256497,273442
2,79780,100,-256497,273942
2,79781,100,-256497,274442
2,79782,79,-256497,274942
2,79783,100,-256497,275442
2,79784,67.5,-256497,275942
2,79785,67.5,-256497,276442
2,79786,100,-256497,276942
2,79787,100,-256497,277442
2,79788,67.5,-256497,277942
2,79789,67.5,-256497,278442
2,80134,79,-255997,267942
2,80135,67.5,-255997,268442
2,80136,67.5,-255997,268942
2,80137,100,-255997,269442
2,80138,100,-255997,269942
2,80143,67.5,-255997,272442
2,80144,100,-255997,272942
2,80145,67.5,-255997,273442
2,80146,67.5,-255997,273942
2,80147,67.5,-255997,274442
2,80148,61.5,-255997,274942
2,80149,67.5,-255997,275442
2,80150,100,-255997,275942
2,80151,100,-255997,276442
2,80152,67.5,-255997,276942
2,80153,100,-255997,277442
2,80154,100,-255997,277942
2,80155,67.5,-255997,278442
2,80499,79,-255497,267942
2,80500,67.5,-255497,268442
2,80501,100,-255497,268942
2,80502,100,-255497,269442
2,80503,100,-255497,269942
2,80510,67.5,-255497,273442
2,80511,67.5,-255497,273942
2,80512,100,-255497,274442
2,80513,79,-255497,274942
2,80865,67.5,-254997,268442
2,80866,79,-254997,268942
2,80867,100,-254997,269442
3,79790,67.5,-256497,278942
3,79791,100,-256497,279442
3,79792,67.5,-256497,279942
3,80156,67.5,-255997,278942
4,73679,66,-264997,263942
4,73680,88,-264997,264442
4,73681,100,-264997,264942
4,73682,75.5,-264997,265442
4,73683,23.5,-264997,265942
4,73684,23.5,-264997,266442
4,73685,23.5,-264997,266942
4,73686,23.5,-264997,267442
4,74031,100,-264497,263942
4,74032,88,-264497,264442
4,74033,100,-264497,264942
4,74034,75.5,-264497,265442
4,74035,23.5,-264497,265942
4,74036,23.5,-264497,266442
4,74037,23.5,-264497,266942
4,74038,23.5,-264497,267442
4,74384,100,-263997,263942
4,74385,100,-263997,264442
4,74386,88,-263997,264942
4,74387,39,-263997,265442
4,74388,23.5,-263997,265942
4,74389,23.5,-263997,266442
4,74390,100,-263997,266942
4,74391,100,-263997,267442
4,74737,100,-263497,263942
4,74738,100,-263497,264442
4,74739,75.5,-263497,264942
4,74740,66,-263497,265442
4,74741,23.5,-263497,265942
4,74742,23.5,-263497,266442
4,74743,100,-263497,266942
4,74744,23.5,-263497,267442
4,75092,100,-262997,264442
4,75093,100,-262997,264942
4,75094,23.5,-262997,265442
4,75095,66,-262997,265942
4,75096,61.5,-262997,266442
4,75097,75.5,-262997,266942
4,75098,23.5,-262997,267442
4,75446,100,-262497,264442
4,75447,100,-262497,264942
4,75448,23.5,-262497,265442
4,75449,23.5,-262497,265942
4,75450,23.5,-262497,266442
4,75451,100,-262497,266942
4,75452,100,-262497,267442
4,75801,61.5,-261997,264942
4,75802,23.5,-261997,265442
4,75803,23.5,-261997,265942
4,75804,23.5,-261997,266442
4,75805,23.5,-261997,266942
4,75806,54,-261997,267442
4,76156,61.5,-261497,264942
4,76157,23.5,-261497,265442
4,76158,72,-261497,265942
4,76159,100,-261497,266442
4,76160,23.5,-261497,266942
4,76161,78.5,-261497,267442
4,76512,54,-260997,265442
4,76513,72,-260997,265942
4,76514,72,-260997,266442
4,76515,23.5,-260997,266942
4,76516,23.5,-260997,267442
4,76869,54,-260497,265442
4,76870,54,-260497,265942
4,76871,72,-260497,266442
4,76872,54,-260497,266942
4,76873,54,-260497,267442
4,77226,54,-259997,265442
4,77227,54,-259997,265942
4,77228,72,-259997,266442
4,77229,72,-259997,266942
4,77230,100,-259997,267442
4,77587,54,-259497,265942
4,77588,72,-259497,266442
4,77589,72,-259497,266942
4,77590,72,-259497,267442
4,77948,75.5,-258997,265942
4,77949,100,-258997,266442
4,77950,72,-258997,266942
4,77951,72,-258997,267442
4,78310,75.5,-258497,265942
4,78311,100,-258497,266442
4,78312,72,-258497,266942
4,78313,72,-258497,267442
4,78673,75.5,-257997,265942
4,78674,75.5,-257997,266442
4,78675,100,-257997,266942
4,79037,100,-257497,266442
4,79038,100,-257497,266942
5,73687,23.5,-264997,267942
5,74039,23.5,-264497,267942
5,74040,100,-264497,268442
5,74041,23.5,-264497,268942
5,74042,100,-264497,269442
5,74043,54,-264497,269942
5,74044,100,-264497,270442
5,74045,100,-264497,270942
5,74046,100,-264497,271442
5,74047,100,-264497,271942
5,74048,100,-264497,272442
5,74049,100,-264497,272942
5,74050,100,-264497,273442
5,74051,100,-264497,273942
5,74052,100,-264497,274442
5,74053,54,-264497,274942
5,74054,79,-264497,275442
5,74055,79,-264497,275942
5,74056,67.5,-264497,276442
5,74057,67.5,-264497,276942
5,74058,67.5,-264497,277442
5,74059,74,-264497,277942
5,74060,67.5,-264497,278442
5,74392,39,-263997,267942
5,74393,23.5,-263997,268442
5,74394,54,-263997,268942
5,74395,54,-263997,269442
5,74396,54,-263997,269942
5,74397,54,-263997,270442
5,74398,54,-263997,270942
5,74399,80,-263997,271442
5,74400,100,-263997,271942
5,74401,100,-263997,272442
5,74402,100,-263997,272942
5,74403,100,-263997,273442
5,74404,100,-263997,273942
5,74405,67.5,-263997,274442
5,74406,100,-263997,274942
5,74407,67.5,-263997,275442
5,74408,79,-263997,275942
5,74409,67.5,-263997,276442
5,74410,79,-263997,276942
5,74411,74,-263997,277442
5,74412,67.5,-263997,277942
5,74413,23.5,-263997,278442
5,74745,23.5,-263497,267942
5,74746,61,-263497,268442
5,74747,72,-263497,268942
5,74748,54,-263497,269442
5,74749,54,-263497,269942
5,74750,54,-263497,270442
5,74751,54,-263497,270942
5,74752,75.5,-263497,271442
5,74753,100,-263497,271942
5,74754,75.5,-263497,272442
5,74755,80,-263497,272942
5,74756,75.5,-263497,273442
5,74757,75.5,-263497,273942
5,74758,79,-263497,274442
5,74759,79,-263497,274942
5,74760,67.5,-263497,275442
5,74761,100,-263497,275942
5,74762,100,-263497,276442
5,74763,100,-263497,276942
5,74764,100,-263497,277442
5,74765,23.5,-263497,277942
5,74766,23.5,-263497,278442
5,75099,54,-262997,267942
5,75100,54,-262997,268442
5,75101,54,-262997,268942
5,75102,54,-262997,269442
5,75103,54,-262997,269942
5,75104,54,-262997,270442
5,75105,61,-262997,270942
5,75106,75.5,-262997,271442
5,75107,100,-262997,271942
5,75108,80,-262997,272442
5,75109,75.5,-262997,272942
5,75110,75.5,-262997,273442
5,75111,81.5,-262997,273942
5,75112,79,-262997,274442
5,75113,100,-262997,274942
5,75114,100,-262997,275442
5,75115,67.5,-262997,275942
5,75116,100,-262997,276442
5,75117,100,-262997,276942
5,75118,100,-262997,277442
5,75119,23.5,-262997,277942
5,75120,23.5,-262997,278442
5,75453,100,-262497,267942
5,75454,72,-262497,268442
5,75455,72,-262497,268942
5,75456,72,-262497,269442
5,75457,61,-262497,269942
5,75458,72,-262497,270442
5,75459,54,-262497,270942
5,75460,100,-262497,271442
5,75461,80,-262497,271942
5,75462,100,-262497,272442
5,75463,100,-262497,272942
5,75464,100,-262497,273442
5,75465,81.5,-262497,273942
5,75466,100,-262497,274442
5,75467,100,-262497,274942
5,75468,100,-262497,275442
5,75469,100,-262497,275942
5,75470,67.5,-262497,276442
5,75471,100,-262497,276942
5,75472,23.5,-262497,277442
5,75473,23.5,-262497,277942
5,75474,23.5,-262497,278442
5,75807,54,-261997,267942
5,75808,100,-261997,268442
5,75809,61,-261997,268942
5,75810,72,-261997,269442
5,75811,72,-261997,269942
5,75812,54,-261997,270442
5,75813,54,-261997,270942
5,75814,100,-261997,271442
5,75815,75.5,-261997,271942
5,75816,75.5,-261997,272442
5,75817,100,-261997,272942
5,75818,100,-261997,273442
5,75819,100,-261997,273942
5,75820,100,-261997,274442
5,75821,88,-261997,274942
5,75822,75.5,-261997,275442
5,75823,100,-261997,275942
5,75824,100,-261997,276442
5,75825,67.5,-261997,276942
5,75826,23.5,-261997,277442
5,75827,39,-261997,277942
5,75828,100,-261997,278442
5,76162,54,-261497,267942
5,76163,54,-261497,268442
5,76164,54,-261497,268942
5,76165,72,-261497,269442
5,76166,72,-261497,269942
5,76167,54,-261497,270442
5,76168,67.5,-261497,270942
5,76169,100,-261497,271442
5,76170,75.5,-261497,271942
5,76171,100,-261497,272442
5,76172,100,-261497,272942
5,76173,100,-261497,273442
5,76174,67.5,-261497,273942
5,76175,74,-261497,274442
5,76176,100,-261497,274942
5,76177,100,-261497,275442
5,76178,100,-261497,275942
5,76179,100,-261497,276442
5,76180,81.5,-261497,276942
5,76181,100,-261497,277442
5,76182,100,-261497,277942
5,76183,100,-261497,278442
5,76517,78.5,-260997,267942
5,76518,54,-260997,268442
5,76519,54,-260997,268942
5,76520,54,-260997,269442
5,76521,72,-260997,269942
5,76522,23.5,-260997,270442
5,76523,67.5,-260997,270942
5,76524,79,-260997,271442
5,76525,75.5,-260997,271942
5,76526,75.5,-260997,272442
5,76527,67.5,-260997,272942
5,76528,67.5,-260997,273442
5,76529,100,-260997,273942
5,76530,100,-260997,274442
5,76531,100,-260997,274942
5,76532,100,-260997,275442
5,76533,100,-260997,275942
5,76534,81.5,-260997,276442
5,76535,100,-260997,276942
5,76536,80,-260997,277442
5,76537,100,-260997,277942
5,76538,23.5,-260997,278442
5,76874,23.5,-260497,267942
5,76875,66,-260497,268442
5,76876,23.5,-260497,268942
5,76877,54,-260497,269442
5,76878,54,-260497,269942
5,76879,72,-260497,270442
5,76880,79,-260497,270942
5,76881,67.5,-260497,271442
5,76882,75.5,-260497,271942
5,76883,81.5,-260497,272442
5,76884,100,-260497,272942
5,76885,100,-260497,273442
5,76886,100,-260497,273942
5,76887,79,-260497,274442
5,76888,67.5,-260497,274942
5,76889,100,-260497,275442
5,76890,100,-260497,275942
5,76891,100,-260497,276442
5,76892,75.5,-260497,276942
5,76893,100,-260497,277442
5,76894,74,-260497,277942
5,76895,100,-260497,278442
5,77231,23.5,-259997,267942
5,77232,23.5,-259997,268442
5,77233,66,-259997,268942
5,77234,61.5,-259997,269442
5,77235,54,-259997,269942
5,77236,54,-259997,270442
5,77237,23.5,-259997,270942
5,77238,85,-259997,271442
5,77239,67.5,-259997,271942
5,77240,81.5,-259997,272442
5,77241,100,-259997,272942
5,77242,100,-259997,273442
5,77243,100,-259997,273942
5,77244,100,-259997,274442
5,77245,67.5,-259997,274942
5,77246,100,-259997,275442
5,77247,100,-259997,275942
5,77248,100,-259997,276442
5,77249,67.5,-259997,276942
5,77250,100,-259997,277442
5,77251,100,-259997,277942
5,77252,100,-259997,278442
5,77591,54,-259497,267942
5,77592,23.5,-259497,268442
5,77593,23.5,-259497,268942
5,77594,100,-259497,269442
5,77595,67.5,-259497,269942
5,77596,67.5,-259497,270442
5,77597,23.5,-259497,270942
5,77598,39,-259497,271442
5,77599,67.5,-259497,271942
5,77600,67.5,-259497,272442
5,77601,100,-259497,272942
5,77602,100,-259497,273442
5,77603,100,-259497,273942
5,77604,100,-259497,274442
5,77605,54,-259497,274942
5,77606,100,-259497,275442
5,77607,100,-259497,275942
5,77608,100,-259497,276442
5,77609,74,-259497,276942
5,77610,74,-259497,277442
5,77611,100,-259497,277942
5,77612,100,-259497,278442
5,77952,72,-258997,267942
5,77953,23.5,-258997,268442
5,77954,100,-258997,268942
5,77955,100,-258997,269442
5,77956,67.5,-258997,269942
5,77957,100,-258997,270442
5,77958,67.5,-258997,270942
5,77959,23.5,-258997,271442
5,77960,67.5,-258997,271942
5,77961,67.5,-258997,272442
5,77962,100,-258997,272942
5,77963,100,-258997,273442
5,77964,54,-258997,273942
5,77965,54,-258997,274442
5,77966,79,-258997,274942
5,77967,67.5,-258997,275442
5,77968,100,-258997,275942
5,77969,67.5,-258997,276442
5,77970,67.5,-258997,276942
5,77971,74,-258997,277442
5,77972,74,-258997,277942
5,77973,67.5,-258997,278442
5,78314,72,-258497,267942
5,78315,54,-258497,268442
5,78316,75.5,-258497,268942
5,78317,100,-258497,269442
5,78318,100,-258497,269942
5,78319,79,-258497,270442
5,78320,85,-258497,270942
5,78321,67.5,-258497,271442
5,78322,67.5,-258497,271942
5,78323,81.5,-258497,272442
5,78324,100,-258497,272942
5,78325,67.5,-258497,273442
5,78326,67.5,-258497,273942
5,78327,100,-258497,274442
5,78328,100,-258497,274942
5,78329,100,-258497,275442
5,78330,100,-258497,275942
5,78331,67.5,-258497,276442
5,78332,74,-258497,276942
5,78333,67.5,-258497,277442
5,78334,67.5,-258497,277942
5,78335,67.5,-258497,278442
5,78676,100,-257997,267442
5,78677,72,-257997,267942
5,78678,72,-257997,268442
5,78679,81.5,-257997,268942
5,78680,80,-257997,269442
5,78681,75.5,-257997,269942
5,78682,88,-257997,270442
5,78683,85,-257997,270942
5,78684,100,-257997,271442
5,78685,67.5,-257997,271942
5,78686,67.5,-257997,272442
5,78687,67.5,-257997,272942
5,78688,79,-257997,273442
5,78689,79,-257997,273942
5,78690,67.5,-257997,274442
5,78691,67.5,-257997,274942
5,78692,54,-257997,275442
5,78693,100,-257997,275942
5,78694,74,-257997,276442
5,78695,67.5,-257997,276942
5,78696,67.5,-257997,277442
5,78697,100,-257997,277942
5,78698,67.5,-257997,278442
5,79039,100,-257497,267442
5,79040,72,-257497,267942
5,79041,100,-257497,268442
5,79042,100,-257497,268942
5,79043,75.5,-257497,269442
5,79044,100,-257497,269942
5,79045,75.5,-257497,270442
5,79046,75.5,-257497,270942
5,79047,100,-257497,271442
5,79048,67.5,-257497,271942
5,79049,100,-257497,272442
5,79050,67.5,-257497,272942
5,79051,79,-257497,273442
5,79052,79,-257497,273942
5,79053,67.5,-257497,274442
5,79054,67.5,-257497,274942
5,79055,67.5,-257497,275442
5,79056,67.5,-257497,275942
5,79057,67.5,-257497,276442
5,79058,67.5,-257497,276942
5,79059,67.5,-257497,277442
5,79060,67.5,-257497,277942
5,79061,67.5,-257497,278442
5,79418,67.5,-256997,274942
5,79419,67.5,-256997,275442
5,79420,100,-256997,275942
5,79421,67.5,-256997,276442
5,79422,67.5,-256997,276942
5,79423,67.5,-256997,277442
5,79424,67.5,-256997,277942
5,79425,67.5,-256997,278442
6,74414,23.5,-263997,278942
6,74415,100,-263997,279442
6,74416,100,-263997,279942
6,74417,100,-263997,280442
6,74418,67.5,-263997,280942
6,74419,79,-263997,281442
6,74420,79,-263997,281942
6,74421,79,-263997,282442
6,74422,79,-263997,282942
6,74423,79,-263997,283442
6,74424,67.5,-263997,283942
6,74425,74,-263997,284442
6,74426,67.5,-263997,284942
6,74427,67.5,-263997,285442
6,74428,67.5,-263997,285942
6,74429,67.5,-263997,286442
6,74430,67.5,-263997,286942
6,74431,67.5,-263997,287442
6,74432,67.5,-263997,287942
6,74433,67.5,-263997,288442
6,74434,54,-263997,288942
6,74767,39,-263497,278942
6,74768,23.5,-263497,279442
6,74769,23.5,-263497,279942
6,74770,100,-263497,280442
6,74771,67.5,-263497,280942
6,74772,79,-263497,281442
6,74773,79,-263497,281942
6,74774,79,-263497,282442
6,74775,79,-263497,282942
6,74776,67.5,-263497,283442
6,74777,67.5,-263497,283942
6,74778,67.5,-263497,284442
6,74779,67.5,-263497,284942
6,74780,67.5,-263497,285442
6,74781,67.5,-263497,285942
6,74782,67.5,-263497,286442
6,74783,79,-263497,286942
6,74784,79,-263497,287442
6,74785,79,-263497,287942
6,74786,79,-263497,288442
6,75121,23.5,-262997,278942
6,75122,100,-262997,279442
6,75123,100,-262997,279942
6,75124,100,-262997,280442
6,75125,67.5,-262997,280942
6,75126,79,-262997,281442
6,75127,79,-262997,281942
6,75128,79,-262997,282442
6,75129,79,-262997,282942
6,75130,79,-262997,283442
6,75131,67.5,-262997,283942
6,75132,67.5,-262997,284442
6,75133,67.5,-262997,284942
6,75134,100,-262997,285442
6,75135,67.5,-262997,285942
6,75136,67.5,-262997,286442
6,75137,67.5,-262997,286942
6,75138,79,-262997,287442
6,75139,79,-262997,287942
6,75475,100,-262497,278942
6,75476,23.5,-262497,279442
6,75477,23.5,-262497,279942
6,75478,23.5,-262497,280442
6,75479,67.5,-262497,280942
6,75480,79,-262497,281442
6,75481,67.5,-262497,281942
6,75482,67.5,-262497,282442
6,75483,67.5,-262497,282942
6,75484,67.5,-262497,283442
6,75485,67.5,-262497,283942
6,75486,67.5,-262497,284442
6,75487,67.5,-262497,284942
6,75488,67.5,-262497,285442
6,75489,67.5,-262497,285942
6,75490,67.5,-262497,286442
6,75491,79,-262497,286942
6,75492,79,-262497,287442
6,75493,79,-262497,287942
6,75829,23.5,-261997,278942
6,75830,23.5,-261997,279442
6,75831,23.5,-261997,279942
6,75832,67.5,-261997,280442
6,75833,67.5,-261997,280942
6,75834,67.5,-261997,281442
6,75835,67.5,-261997,281942
6,75836,67.5,-261997,282442
6,75837,67.5,-261997,282942
6,75838,67.5,-261997,283442
6,75839,67.5,-261997,283942
6,75840,100,-261997,284442
6,75841,100,-261997,284942
6,75842,67.5,-261997,285442
6,75843,67.5,-261997,285942
6,75844,67.5,-261997,286442
6,75845,79,-261997,286942
6,75846,79,-261997,287442
6,76184,100,-261497,278942
6,76185,23.5,-261497,279442
6,76186,23.5,-261497,279942
6,76187,79,-261497,280442
6,76188,67.5,-261497,280942
6,76189,67.5,-261497,281442
6,76190,67.5,-261497,281942
6,76191,100,-261497,282442
6,76192,67.5,-261497,282942
6,76193,67.5,-261497,283442
6,76194,67.5,-261497,283942
6,76195,67.5,-261497,284442
6,76196,74,-261497,284942
6,76197,67.5,-261497,285442
6,76198,67.5,-261497,285942
6,76199,67.5,-261497,286442
6,76200,79,-261497,286942
6,76201,79,-261497,287442
6,76539,23.5,-260997,278942
6,76540,23.5,-260997,279442
6,76541,79,-260997,279942
6,76542,79,-260997,280442
6,76543,67.5,-260997,280942
6,76544,100,-260997,281442
6,76545,80,-260997,281942
6,76546,80,-260997,282442
6,76547,67.5,-260997,282942
6,76548,67.5,-260997,283442
6,76549,74,-260997,283942
6,76550,67.5,-260997,284442
6,76551,67.5,-260997,284942
6,76552,74,-260997,285442
6,76553,67.5,-260997,285942
6,76554,67.5,-260997,286442
6,76555,81.5,-260997,286942
6,76556,79,-260997,287442
6,76896,100,-260497,278942
6,76897,67.5,-260497,279442
6,76898,67.5,-260497,279942
6,76899,67.5,-260497,280442
6,76900,67.5,-260497,280942
6,76901,74,-260497,281442
6,76902,75.5,-260497,281942
6,76903,100,-260497,282442
6,76904,67.5,-260497,282942
6,76905,67.5,-260497,283442
6,76906,67.5,-260497,283942
6,76907,100,-260497,284442
6,76908,74,-260497,284942
6,76909,74,-260497,285442
6,76910,67.5,-260497,285942
6,76911,67.5,-260497,286442
6,76912,79,-260497,286942
6,76913,79,-260497,287442
6,77253,74,-259997,278942
6,77254,100,-259997,279442
6,77255,67.5,-259997,279942
6,77256,67.5,-259997,280442
6,77257,67.5,-259997,280942
6,77258,67.5,-259997,281442
6,77259,67.5,-259997,281942
6,77260,75.5,-259997,282442
6,77261,67.5,-259997,282942
6,77262,67.5,-259997,283442
6,77263,67.5,-259997,283942
6,77264,67.5,-259997,284442
6,77265,67.5,-259997,284942
6,77266,67.5,-259997,285442
6,77267,67.5,-259997,285942
6,77268,67.5,-259997,286442
6,77269,67.5,-259997,286942
6,77613,67.5,-259497,278942
6,77614,67.5,-259497,279442
6,77615,67.5,-259497,279942
6,77616,67.5,-259497,280442
6,77617,74,-259497,280942
6,77618,67.5,-259497,281442
6,77619,100,-259497,281942
6,77620,67.5,-259497,282442
6,77621,74,-259497,282942
6,77622,74,-259497,283442
6,77623,67.5,-259497,283942
6,77624,67.5,-259497,284442
6,77625,100,-259497,284942
6,77626,67.5,-259497,285442
6,77627,67.5,-259497,285942
6,77628,67.5,-259497,286442
6,77629,79,-259497,286942
6,77974,67.5,-258997,278942
6,77975,67.5,-258997,279442
6,77976,100,-258997,279942
6,77977,67.5,-258997,280442
6,77978,67.5,-258997,280942
6,77979,100,-258997,281442
6,77980,100,-258997,281942
6,77981,100,-258997,282442
6,77982,74,-258997,282942
6,77985,100,-258997,284442
6,77986,74,-258997,284942
6,77987,67.5,-258997,285442
6,77988,67.5,-258997,285942
6,77989,67.5,-258997,286442
6,77990,67.5,-258997,286942
6,78336,67.5,-258497,278942
6,78337,100,-258497,279442
6,78338,67.5,-258497,279942
6,78339,67.5,-258497,280442
6,78340,74,-258497,280942
6,78341,67.5,-258497,281442
6,78342,67.5,-258497,281942
6,78348,74,-258497,284942
6,78349,67.5,-258497,285442
6,78350,100,-258497,285942
6,78351,67.5,-258497,286442
6,78352,100,-258497,286942
6,78699,67.5,-257997,278942
6,78700,67.5,-257997,279442
6,78701,74,-257997,279942
6,78702,67.5,-257997,280442
6,78703,74,-257997,280942
6,78704,100,-257997,281442
6,78705,67.5,-257997,281942
6,79062,67.5,-257497,278942
6,79063,67.5,-257497,279442
6,79064,67.5,-257497,279942
6,79065,67.5,-257497,280442
6,79066,67.5,-257497,280942
6,79067,67.5,-257497,281442
6,79426,67.5,-256997,278942
6,79427,67.5,-256997,279442
6,79428,67.5,-256997,279942
6,79429,67.5,-256997,280442
6,79430,74,-256997,280942
7,68517,100,-272497,266442
7,68518,100,-272497,266942
7,68519,100,-272497,267442
7,68857,100,-271997,265942
7,68858,67.5,-271997,266442
7,68859,100,-271997,266942
7,68860,67.5,-271997,267442
7,68861,100,-271997,267942
7,69199,74,-271497,265942
7,69200,100,-271497,266442
7,69201,67.5,-271497,266942
7,69202,79,-271497,267442
7,69203,67.5,-271497,267942
7,69541,67.5,-270997,265942
7,69542,67.5,-270997,266442
7,69543,67.5,-270997,266942
7,69544,79,-270997,267442
7,69545,100,-270997,267942
7,69882,67.5,-270497,265442
7,69883,100,-270497,265942
7,69884,100,-270497,266442
7,69885,100,-270497,266942
7,69886,100,-270497,267442
7,69887,100,-270497,267942
7,70224,67.5,-269997,265442
7,70225,100,-269997,265942
7,70226,100,-269997,266442
7,70227,100,-269997,266942
7,70228,100,-269997,267442
7,70229,100,-269997,267942
7,70565,100,-269497,265442
7,70566,100,-269497,265942
7,70567,100,-269497,266442
7,70568,100,-269497,266942
7,70569,61.5,-269497,267442
7,70570,72,-269497,267942
7,70906,23.5,-268997,265442
7,70907,23.5,-268997,265942
7,70908,23.5,-268997,266442
7,70909,61.5,-268997,266942
7,70910,72,-268997,267442
7,70911,72,-268997,267942
7,71247,100,-268497,264442
7,71248,23.5,-268497,264942
7,71249,100,-268497,265442
7,71250,23.5,-268497,265942
7,71251,100,-268497,266442
7,71252,54,-268497,266942
7,71253,72,-268497,267442
7,71591,23.5,-267997,264442
7,71592,23.5,-267997,264942
7,71593,100,-267997,265442
7,71594,23.5,-267997,265942
7,71595,72,-267997,266442
7,71596,72,-267997,266942
7,71597,72,-267997,267442
7,71936,61.5,-267497,264442
7,71937,61.5,-267497,264942
7,71938,23.5,-267497,265442
7,71939,54,-267497,265942
7,71940,54,-267497,266442
7,71941,72,-267497,266942
7,71942,72,-267497,267442
7,72283,23.5,-266997,264442
7,72284,61.5,-266997,264942
7,72285,61.5,-266997,265442
7,72286,54,-266997,265942
7,72287,72,-266997,266442
7,72288,72,-266997,266942
7,72289,23.5,-266997,267442
7,72630,100,-266497,263942
7,72631,23.5,-266497,264442
7,72632,23.5,-266497,264942
7,72633,72,-266497,265442
7,72634,54,-266497,265942
7,72635,72,-266497,266442
7,72636,72,-266497,266942
7,72637,61.5,-266497,267442
7,72977,23.5,-265997,263442
7,72978,23.5,-265997,263942
7,72979,61.5,-265997,264442
7,72980,61.5,-265997,264942
7,72981,72,-265997,265442
7,72982,72,-265997,265942
7,72983,54,-265997,266442
7,72984,23.5,-265997,266942
7,72985,23.5,-265997,267442
7,73328,23.5,-265497,263942
7,73329,66,-265497,264442
7,73330,72,-265497,264942
7,73331,54,-265497,265442
7,73332,54,-265497,265942
7,73333,23.5,-265497,266442
7,73334,23.5,-265497,266942
7,73335,61.5,-265497,267442
8,68862,100,-271997,268442
8,68863,100,-271997,268942
8,68876,85,-271997,275442
8,68877,67.5,-271997,275942
8,68878,67.5,-271997,276442
8,68879,72,-271997,276942
8,68880,72,-271997,277442
8,68881,23.5,-271997,277942
8,68882,23.5,-271997,278442
8,68883,61.5,-271997,278942
8,69204,100,-271497,268442
8,69205,100,-271497,268942
8,69206,100,-271497,269442
8,69207,23.5,-271497,269942
8,69216,100,-271497,274442
8,69217,79,-271497,274942
8,69218,79,-271497,275442
8,69219,67.5,-271497,275942
8,69220,100,-271497,276442
8,69221,67.5,-271497,276942
8,69222,23.5,-271497,277442
8,69223,100,-271497,277942
8,69224,100,-271497,278442
8,69225,61.5,-271497,278942
8,69546,81.5,-270997,268442
8,69547,100,-270997,268942
8,69548,23.5,-270997,269442
8,69549,100,-270997,269942
8,69550,100,-270997,270442
8,69551,23.5,-270997,270942
8,69552,100,-270997,271442
8,69553,54,-270997,271942
8,69558,67.5,-270997,274442
8,69559,67.5,-270997,274942
8,69560,72,-270997,275442
8,69561,54,-270997,275942
8,69562,67.5,-270997,276442
8,69563,66,-270997,276942
8,69564,23.5,-270997,277442
8,69565,66,-270997,277942
8,69566,100,-270997,278442
8,69567,61.5,-270997,278942
8,69888,100,-270497,268442
8,69889,100,-270497,268942
8,69890,23.5,-270497,269442
8,69891,39,-270497,269942
8,69892,23.5,-270497,270442
8,69893,54,-270497,270942
8,69894,54,-270497,271442
8,69895,54,-270497,271942
8,69897,67.5,-270497,272942
8,69898,67.5,-270497,273442
8,69899,67.5,-270497,273942
8,69900,67.5,-270497,274442
8,69901,67.5,-270497,274942
8,69902,54,-270497,275442
8,69903,72,-270497,275942
8,69904,61.5,-270497,276442
8,69905,23.5,-270497,276942
8,69906,23.5,-270497,277442
8,69907,100,-270497,277942
8,69908,66,-270497,278442
8,69909,100,-270497,278942
8,70230,100,-269997,268442
8,70231,61.5,-269997,268942
8,70232,67.5,-269997,269442
8,70233,79,-269997,269942
8,70234,72,-269997,270442
8,70235,72,-269997,270942
8,70236,72,-269997,271442
8,70237,54,-269997,271942
8,70238,61.5,-269997,272442
8,70239,85,-269997,272942
8,70240,100,-269997,273442
8,70241,67.5,-269997,273942
8,70242,23.5,-269997,274442
8,70243,100,-269997,274942
8,70244,23.5,-269997,275442
8,70245,39,-269997,275942
8,70246,23.5,-269997,276442
8,70247,23.5,-269997,276942
8,70248,67.5,-269997,277442
8,70249,67.5,-269997,277942
8,70250,67.5,-269997,278442
8,70251,79,-269997,278942
8,70571,54,-269497,268442
8,70572,72,-269497,268942
8,70573,72,-269497,269442
8,70574,78.5,-269497,269942
8,70575,78.5,-269497,270442
8,70576,72,-269497,270942
8,70577,72,-269497,271442
8,70578,72,-269497,271942
8,70579,54,-269497,272442
8,70580,67.5,-269497,272942
8,70581,54,-269497,273442
8,70582,23.5,-269497,273942
8,70583,23.5,-269497,274442
8,70584,23.5,-269497,274942
8,70585,23.5,-269497,275442
8,70586,23.5,-269497,275942
8,70587,23.5,-269497,276442
8,70588,23.5,-269497,276942
8,70589,67.5,-269497,277442
8,70590,79,-269497,277942
8,70591,67.5,-269497,278442
8,70592,67.5,-269497,278942
8,70912,72,-268997,268442
8,70913,54,-268997,268942
8,70914,23.5,-268997,269442
8,70915,100,-268997,269942
8,70916,100,-268997,270442
8,70917,72,-268997,270942
8,70918,72,-268997,271442
8,70919,54,-268997,271942
8,70920,23.5,-268997,272442
8,70921,23.5,-268997,272942
8,70922,23.5,-268997,273442
8,70923,61.5,-268997,273942
8,70924,23.5,-268997,274442
8,70925,23.5,-268997,274942
8,70926,23.5,-268997,275442
8,70927,39,-268997,275942
8,70928,23.5,-268997,276442
8,70929,67.5,-268997,276942
8,70930,79,-268997,277442
8,70931,79,-268997,277942
8,70932,67.5,-268997,278442
8,70933,79,-268997,278942
8,71254,72,-268497,267942
8,71255,72,-268497,268442
8,71256,23.5,-268497,268942
8,71257,61.5,-268497,269442
8,71258,23.5,-268497,269942
8,71259,23.5,-268497,270442
8,71260,61.5,-268497,270942
8,71261,23.5,-268497,271442
8,71262,23.5,-268497,271942
8,71263,23.5,-268497,272442
8,71264,23.5,-268497,272942
8,71265,23.5,-268497,273442
8,71266,23.5,-268497,273942
8,71267,23.5,-268497,274442
8,71268,23.5,-268497,274942
8,71269,23.5,-268497,275442
8,71270,67.5,-268497,275942
8,71271,67.5,-268497,276442
8,71272,67.5,-268497,276942
8,71273,67.5,-268497,277442
8,71274,67.5,-268497,277942
8,71275,79,-268497,278442
8,71276,79,-268497,278942
8,71598,72,-267997,267942
8,71599,61.5,-267997,268442
8,71600,61.5,-267997,268942
8,71601,61.5,-267997,269442
8,71602,23.5,-267997,269942
8,71603,23.5,-267997,270442
8,71604,61.5,-267997,270942
8,71605,23.5,-267997,271442
8,71606,23.5,-267997,271942
8,71607,23.5,-267997,272442
8,71608,23.5,-267997,272942
8,71609,23.5,-267997,273442
8,71610,61.5,-267997,273942
8,71611,23.5,-267997,274442
8,71612,100,-267997,274942
8,71613,100,-267997,275442
8,71614,100,-267997,275942
8,71615,67.5,-267997,276442
8,71616,67.5,-267997,276942
8,71617,67.5,-267997,277442
8,71618,67.5,-267997,277942
8,71619,79,-267997,278442
8,71620,67.5,-267997,278942
8,71943,61.5,-267497,267942
8,71944,23.5,-267497,268442
8,71945,23.5,-267497,268942
8,71946,23.5,-267497,269442
8,71947,23.5,-267497,269942
8,71948,23.5,-267497,270442
8,71949,23.5,-267497,270942
8,71950,23.5,-267497,271442
8,71951,23.5,-267497,271942
8,71952,23.5,-267497,272442
8,71953,23.5,-267497,272942
8,71954,100,-267497,273442
8,71955,23.5,-267497,273942
8,71956,39,-267497,274442
8,71957,61.5,-267497,274942
8,71958,100,-267497,275442
8,71959,100,-267497,275942
8,71960,67.5,-267497,276442
8,71961,67.5,-267497,276942
8,71962,67.5,-267497,277442
8,71963,79,-267497,277942
8,71964,79,-267497,278442
8,71965,79,-267497,278942
8,72290,23.5,-266997,267942
8,72291,23.5,-266997,268442
8,72292,23.5,-266997,268942
8,72293,23.5,-266997,269442
8,72294,61.5,-266997,269942
8,72295,23.5,-266997,270442
8,72296,23.5,-266997,270942
8,72297,23.5,-266997,271442
8,72298,23.5,-266997,271942
8,72299,23.5,-266997,272442
8,72300,23.5,-266997,272942
8,72301,23.5,-266997,273442
8,72302,23.5,-266997,273942
8,72303,61.5,-266997,274442
8,72304,100,-266997,274942
8,72305,100,-266997,275442
8,72306,67.5,-266997,275942
8,72307,100,-266997,276442
8,72308,67.5,-266997,276942
8,72309,67.5,-266997,277442
8,72310,79,-266997,277942
8,72311,79,-266997,278442
8,72312,79,-266997,278942
8,72638,23.5,-266497,267942
8,72639,23.5,-266497,268442
8,72640,66,-266497,268942
8,72641,23.5,-266497,269442
8,72642,23.5,-266497,269942
8,72643,61.5,-266497,270442
8,72644,23.5,-266497,270942
8,72645,100,-266497,271442
8,72646,100,-266497,271942
8,72647,100,-266497,272442
8,72648,100,-266497,272942
8,72649,100,-266497,273442
8,72650,100,-266497,273942
8,72651,23.5,-266497,274442
8,72652,72,-266497,274942
8,72653,67.5,-266497,275442
8,72654,67.5,-266497,275942
8,72655,100,-266497,276442
8,72656,67.5,-266497,276942
8,72657,79,-266497,277442
8,72658,79,-266497,277942
8,72659,79,-266497,278442
8,72660,79,-266497,278942
8,72986,23.5,-265997,267942
8,72987,23.5,-265997,268442
8,72988,23.5,-265997,268942
8,72989,23.5,-265997,269442
8,72990,23.5,-265997,269942
8,72991,23.5,-265997,270442
8,72992,23.5,-265997,270942
8,72993,23.5,-265997,271442
8,72994,100,-265997,271942
8,72995,100,-265997,272442
8,72996,100,-265997,272942
8,72997,100,-265997,273442
8,72998,100,-265997,273942
8,72999,100,-265997,274442
8,73000,72,-265997,274942
8,73001,79,-265997,275442
8,73002,67.5,-265997,275942
8,73003,67.5,-265997,276442
8,73004,67.5,-265997,276942
8,73005,67.5,-265997,277442
8,73006,67.5,-265997,277942
8,73007,67.5,-265997,278442
8,73336,61.5,-265497,267942
8,73337,23.5,-265497,268442
8,73338,23.5,-265497,268942
8,73339,23.5,-265497,269442
8,73340,100,-265497,269942
8,73341,23.5,-265497,270442
8,73342,54,-265497,270942
8,73343,75.5,-265497,271442
8,73344,75.5,-265497,271942
8,73345,75.5,-265497,272442
8,73346,100,-265497,272942
8,73347,100,-265497,273442
8,73348,100,-265497,273942
8,73349,54,-265497,274442
8,73350,100,-265497,274942
8,73351,100,-265497,275442
8,73352,67.5,-265497,275942
8,73353,67.5,-265497,276442
8,73354,67.5,-265497,276942
8,73355,67.5,-265497,277442
8,73356,67.5,-265497,277942
8,73357,67.5,-265497,278442
8,73688,100,-264997,268442
8,73689,23.5,-264997,268942
8,73690,39,-264997,269442
8,73691,23.5,-264997,269942
8,73692,100,-264997,270442
8,73693,100,-264997,270942
8,73694,100,-264997,271442
8,73695,80,-264997,271942
8,73696,75.5,-264997,272442
8,73697,100,-264997,272942
8,73698,100,-264997,273442
8,73699,100,-264997,273942
8,73700,54,-264997,274442
8,73701,100,-264997,274942
8,73702,67.5,-264997,275442
8,73703,79,-264997,275942
8,73704,79,-264997,276442
8,73705,79,-264997,276942
8,73706,67.5,-264997,277442
8,73707,74,-264997,277942
8,73708,74,-264997,278442
9,68884,61.5,-271997,279442
9,68885,72,-271997,279942
9,68886,72,-271997,280442
9,68887,72,-271997,280942
9,68888,54,-271997,281442
9,68889,54,-271997,281942
9,69226,23.5,-271497,279442
9,69227,54,-271497,279942
9,69228,72,-271497,280442
9,69229,72,-271497,280942
9,69230,72,-271497,281442
9,69231,72,-271497,281942
9,69232,72,-271497,282442
9,69233,79,-271497,282942
9,69234,72,-271497,283442
9,69235,72,-271497,283942
9,69236,72,-271497,284442
9,69237,54,-271497,284942
9,69238,54,-271497,285442
9,69239,72,-271497,285942
9,69240,79,-271497,286442
9,69241,79,-271497,286942
9,69242,79,-271497,287442
9,69243,79,-271497,287942
9,69244,79,-271497,288442
9,69245,79,-271497,288942
9,69246,79,-271497,289442
9,69247,79,-271497,289942
9,69568,61.5,-270997,279442
9,69569,79,-270997,279942
9,69570,67.5,-270997,280442
9,69571,72,-270997,280942
9,69572,72,-270997,281442
9,69573,72,-270997,281942
9,69574,79,-270997,282442
9,69575,72,-270997,282942
9,69576,72,-270997,283442
9,69577,72,-270997,283942
9,69578,72,-270997,284442
9,69579,72,-270997,284942
9,69580,78.5,-270997,285442
9,69581,72,-270997,285942
9,69582,79,-270997,286442
9,69583,79,-270997,286942
9,69584,79,-270997,287442
9,69585,79,-270997,287942
9,69586,79,-270997,288442
9,69587,79,-270997,288942
9,69588,79,-270997,289442
9,69589,79,-270997,289942
9,69910,67.5,-270497,279442
9,69911,79,-270497,279942
9,69912,67.5,-270497,280442
9,69913,54,-270497,280942
9,69914,72,-270497,281442
9,69915,72,-270497,281942
9,69916,79,-270497,282442
9,69917,72,-270497,282942
9,69918,72,-270497,283442
9,69919,72,-270497,283942
9,69920,79,-270497,284442
9,69921,72,-270497,284942
9,69922,54,-270497,285442
9,69923,72,-270497,285942
9,69924,79,-270497,286442
9,69925,67.5,-270497,286942
9,69926,61.5,-270497,287442
9,69927,61.5,-270497,287942
9,69928,79,-270497,288442
9,69929,79,-270497,288942
9,69930,23.5,-270497,289442
9,69931,23.5,-270497,289942
9,70252,79,-269997,279442
9,70253,79,-269997,279942
9,70254,79,-269997,280442
9,70255,54,-269997,280942
9,70256,23.5,-269997,281442
9,70257,61.5,-269997,281942
9,70258,72,-269997,282442
9,70259,54,-269997,282942
9,70260,72,-269997,283442
9,70261,72,-269997,283942
9,70262,61.5,-269997,284442
9,70263,79,-269997,284942
9,70264,78.5,-269997,285442
9,70265,67.5,-269997,285942
9,70266,67.5,-269997,286442
9,70267,67.5,-269997,286942
9,70268,61.5,-269997,287442
9,70269,61.5,-269997,287942
9,70270,61.5,-269997,288442
9,70271,79,-269997,288942
9,70272,67.5,-269997,289442
9,70273,67.5,-269997,289942
9,70593,79,-269497,279442
9,70594,79,-269497,279942
9,70595,79,-269497,280442
9,70596,54,-269497,280942
9,70597,23.5,-269497,281442
9,70598,23.5,-269497,281942
9,70599,23.5,-269497,282442
9,70600,61.5,-269497,282942
9,70601,61.5,-269497,283442
9,70602,23.5,-269497,283942
9,70603,61.5,-269497,284442
9,70604,67.5,-269497,284942
9,70605,79,-269497,285442
9,70606,67.5,-269497,285942
9,70607,67.5,-269497,286442
9,70608,79,-269497,286942
9,70609,54,-269497,287442
9,70610,100,-269497,287942
9,70611,61.5,-269497,288442
9,70612,61.5,-269497,288942
9,70613,79,-269497,289442
9,70614,67.5,-269497,289942
9,70934,79,-268997,279442
9,70935,72,-268997,279942
9,70936,79,-268997,280442
9,70937,79,-268997,280942
9,70938,67.5,-268997,281442
9,70939,54,-268997,281942
9,70940,72,-268997,282442
9,70941,72,-268997,282942
9,70942,72,-268997,283442
9,70943,72,-268997,283942
9,70944,72,-268997,284442
9,70945,67.5,-268997,284942
9,70946,67.5,-268997,285442
9,70947,79,-268997,285942
9,70948,79,-268997,286442
9,70949,72,-268997,286942
9,70950,54,-268997,287442
9,70951,54,-268997,287942
9,70952,23.5,-268997,288442
9,70953,61.5,-268997,288942
9,70954,79,-268997,289442
9,70955,79,-268997,289942
9,71277,72,-268497,279442
9,71278,78.5,-268497,279942
9,71279,67.5,-268497,280442
9,71280,67.5,-268497,280942
9,71281,67.5,-268497,281442
9,71282,54,-268497,281942
9,71283,72,-268497,282442
9,71284,72,-268497,282942
9,71285,100,-268497,283442
9,71286,72,-268497,283942
9,71287,72,-268497,284442
9,71288,54,-268497,284942
9,71289,67.5,-268497,285442
9,71290,79,-268497,285942
9,71291,79,-268497,286442
9,71292,67.5,-268497,286942
9,71293,54,-268497,287442
9,71294,54,-268497,287942
9,71295,54,-268497,288442
9,71296,54,-268497,288942
9,71297,79,-268497,289442
9,71298,79,-268497,289942
9,71621,54,-267997,279442
9,71622,54,-267997,279942
9,71623,67.5,-267997,280442
9,71624,67.5,-267997,280942
9,71625,67.5,-267997,281442
9,71626,72,-267997,281942
9,71627,72,-267997,282442
9,71628,72,-267997,282942
9,71629,54,-267997,283442
9,71630,54,-267997,283942
9,71631,72,-267997,284442
9,71632,54,-267997,284942
9,71633,54,-267997,285442
9,71634,79,-267997,285942
9,71635,79,-267997,286442
9,71636,79,-267997,286942
9,71637,72,-267997,287442
9,71638,100,-267997,287942
9,71639,54,-267997,288442
9,71640,72,-267997,288942
9,71641,79,-267997,289442
9,71642,79,-267997,289942
9,71966,54,-267497,279442
9,71967,23.5,-267497,279942
9,71968,67.5,-267497,280442
9,71969,67.5,-267497,280942
9,71970,67.5,-267497,281442
9,71971,72,-267497,281942
9,71972,72,-267497,282442
9,71973,72,-267497,282942
9,71974,54,-267497,283442
9,71975,54,-267497,283942
9,71976,54,-267497,284442
9,71977,54,-267497,284942
9,71978,72,-267497,285442
9,71979,67.5,-267497,285942
9,71980,67.5,-267497,286442
9,71981,67.5,-267497,286942
9,71982,79,-267497,287442
9,71983,54,-267497,287942
9,71984,54,-267497,288442
9,71985,54,-267497,288942
9,71986,67.5,-267497,289442
9,71987,79,-267497,289942
9,72313,61.5,-266997,279442
9,72314,61.5,-266997,279942
9,72315,79,-266997,280442
9,72316,67.5,-266997,280942
9,72317,67.5,-266997,281442
9,72318,72,-266997,281942
9,72319,72,-266997,282442
9,72320,72,-266997,282942
9,72321,72,-266997,283442
9,72322,54,-266997,283942
9,72323,54,-266997,284442
9,72324,54,-266997,284942
9,72325,72,-266997,285442
9,72326,79,-266997,285942
9,72327,79,-266997,286442
9,72328,79,-266997,286942
9,72329,79,-266997,287442
9,72330,72,-266997,287942
9,72331,54,-266997,288442
9,72332,54,-266997,288942
9,72333,79,-266997,289442
9,72334,79,-266997,289942
9,72661,61.5,-266497,279442
9,72662,61.5,-266497,279942
9,72663,79,-266497,280442
9,72664,67.5,-266497,280942
9,72665,67.5,-266497,281442
9,72666,54,-266497,281942
9,72667,72,-266497,282442
9,72668,72,-266497,282942
9,72669,54,-266497,283442
9,72670,54,-266497,283942
9,72671,54,-266497,284442
9,72672,72,-266497,284942
9,72673,72,-266497,285442
9,72674,74,-266497,285942
9,72675,67.5,-266497,286442
9,72676,67.5,-266497,286942
9,72677,81.5,-266497,287442
9,72678,72,-266497,287942
9,72679,54,-266497,288442
9,72680,54,-266497,288942
9,72681,79,-266497,289442
9,72682,67.5,-266497,289942
9,73008,79,-265997,278942
9,73009,61.5,-265997,279442
9,73010,61.5,-265997,279942
9,73011,67.5,-265997,280442
9,73012,67.5,-265997,280942
9,73013,67.5,-265997,281442
9,73014,79,-265997,281942
9,73015,54,-265997,282442
9,73016,61,-265997,282942
9,73017,54,-265997,283442
9,73018,72,-265997,283942
9,73019,54,-265997,284442
9,73020,54,-265997,284942
9,73021,100,-265997,285442
9,73022,67.5,-265997,285942
9,73023,67.5,-265997,286442
9,73024,74,-265997,286942
9,73025,72,-265997,287442
9,73026,72,-265997,287942
9,73027,72,-265997,288442
9,73028,54,-265997,288942
9,73029,79,-265997,289442
9,73030,79,-265997,289942
9,73358,100,-265497,278942
9,73359,67.5,-265497,279442
9,73360,75.5,-265497,279942
9,73361,81.5,-265497,280442
9,73362,67.5,-265497,280942
9,73363,79,-265497,281442
9,73364,67.5,-265497,281942
9,73365,54,-265497,282442
9,73366,78.5,-265497,282942
9,73367,54,-265497,283442
9,73368,67.5,-265497,283942
9,73369,67.5,-265497,284442
9,73370,67.5,-265497,284942
9,73371,67.5,-265497,285442
9,73372,67.5,-265497,285942
9,73373,67.5,-265497,286442
9,73374,67.5,-265497,286942
9,73375,81.5,-265497,287442
9,73376,72,-265497,287942
9,73377,72,-265497,288442
9,73378,54,-265497,288942
9,73379,79,-265497,289442
9,73709,100,-264997,278942
9,73710,67.5,-264997,279442
9,73711,23.5,-264997,279942
9,73712,61.5,-264997,280442
9,73713,61.5,-264997,280942
9,73714,79,-264997,281442
9,73715,79,-264997,281942
9,73716,54,-264997,282442
9,73717,54,-264997,282942
9,73718,61,-264997,283442
9,73719,67.5,-264997,283942
9,73720,67.5,-264997,284442
9,73721,67.5,-264997,284942
9,73722,67.5,-264997,285442
9,73723,67.5,-264997,285942
9,73724,67.5,-264997,286442
9,73725,67.5,-264997,286942
9,73726,81.5,-264997,287442
9,73727,79,-264997,287942
9,73728,72,-264997,288442
9,73729,54,-264997,288942
9,73730,72,-264997,289442
9,74061,67.5,-264497,278942
9,74062,100,-264497,279442
9,74063,61.5,-264497,279942
9,74064,23.5,-264497,280442
9,74065,67.5,-264497,280942
9,74066,79,-264497,281442
9,74067,79,-264497,281942
9,74068,79,-264497,282442
9,74069,54,-264497,282942
9,74070,67.5,-264497,283442
9,74071,67.5,-264497,283942
9,74072,67.5,-264497,284442
9,74073,74,-264497,284942
9,74074,67.5,-264497,285442
9,74075,67.5,-264497,285942
9,74076,67.5,-264497,286442
9,74077,79,-264497,286942
9,74078,79,-264497,287442
9,74079,79,-264497,287942
9,74080,79,-264497,288442
9,74081,72,-264497,288942
9,74082,72,-264497,289442
10,69248,79,-271497,290442
10,69249,67.5,-271497,290942
10,69250,79,-271497,291442
10,69590,79,-270997,290442
10,69591,79,-270997,290942
10,69592,67.5,-270997,291442
10,69932,79,-270497,290442
10,69933,67.5,-270497,290942
10,69934,67.5,-270497,291442
10,70274,67.5,-269997,290442
10,70275,79,-269997,290942
10,70276,79,-269997,291442
10,70615,79,-269497,290442
10,70616,79,-269497,290942
10,70617,79,-269497,291442
10,70956,72,-268997,290442
10,70957,79,-268997,290942
10,70958,79,-268997,291442
10,70959,89,-268997,291942
10,71299,54,-268497,290442
10,71300,54,-268497,290942
10,71301,79,-268497,291442
10,71302,79,-268497,291942
10,71303,100,-268497,292442
10,71643,72,-267997,290442
10,71644,54,-267997,290942
10,71645,72,-267997,291442
10,71646,61.5,-267997,291942
10,71647,67.5,-267997,292442
10,71648,100,-267997,292942
10,71988,72,-267497,290442
10,71989,54,-267497,290942
10,71990,54,-267497,291442
10,71991,23.5,-267497,291942
10,71992,61.5,-267497,292442
10,71993,100,-267497,292942
10,72335,72,-266997,290442
10,72336,72,-266997,290942
10,72337,54,-266997,291442
10,72683,79,-266497,290442
10,73031,79,-265997,290442
11,66489,67.5,-275497,276442
11,66490,67.5,-275497,276942
11,66491,23.5,-275497,277442
11,66827,67.5,-274997,274942
11,66828,67.5,-274997,275442
11,66829,100,-274997,275942
11,66830,67.5,-274997,276442
11,66831,67.5,-274997,276942
11,66832,79,-274997,277442
11,66833,23.5,-274997,277942
11,66834,23.5,-274997,278442
11,66835,61.5,-274997,278942
11,67168,67.5,-274497,274942
11,67169,67.5,-274497,275442
11,67170,67.5,-274497,275942
11,67171,67.5,-274497,276442
11,67172,79,-274497,276942
11,67173,67.5,-274497,277442
11,67174,79,-274497,277942
11,67175,79,-274497,278442
11,67176,79,-274497,278942
11,67509,74,-273997,274942
11,67510,79,-273997,275442
11,67511,67.5,-273997,275942
11,67512,67.5,-273997,276442
11,67513,67.5,-273997,276942
11,67514,67.5,-273997,277442
11,67515,79,-273997,277942
11,67516,79,-273997,278442
11,67517,79,-273997,278942
11,67850,79,-273497,274942
11,67851,67.5,-273497,275442
11,67852,79,-273497,275942
11,67853,67.5,-273497,276442
11,67854,67.5,-273497,276942
11,67855,79,-273497,277442
11,67856,72,-273497,277942
11,67857,79,-273497,278442
11,67858,79,-273497,278942
11,68193,67.5,-272997,274942
11,68194,85,-272997,275442
11,68195,67.5,-272997,275942
11,68196,67.5,-272997,276442
11,68197,67.5,-272997,276942
11,68198,72,-272997,277442
11,68199,72,-272997,277942
11,68200,79,-272997,278442
11,68201,79,-272997,278942
11,68535,67.5,-272497,275442
11,68536,67.5,-272497,275942
11,68537,67.5,-272497,276442
11,68538,72,-272497,276942
11,68539,72,-272497,277442
11,68540,72,-272497,277942
11,68541,23.5,-272497,278442
11,68542,23.5,-272497,278942
12,63777,79,-279497,282442
12,63778,79,-279497,282942
12,63779,72,-279497,283442
12,63780,100,-279497,283942
12,63781,100,-279497,284442
12,63782,72,-279497,284942
12,63783,54,-279497,285442
12,63784,54,-279497,285942
12,64115,79,-278997,281942
12,64116,79,-278997,282442
12,64117,72,-278997,282942
12,64118,72,-278997,283442
12,64119,72,-278997,283942
12,64120,54,-278997,284442
12,64121,72,-278997,284942
12,64122,54,-278997,285442
12,64123,54,-278997,285942
12,64124,54,-278997,286442
12,64125,54,-278997,286942
12,64126,72,-278997,287442
12,64127,72,-278997,287942
12,64128,72,-278997,288442
12,64129,72,-278997,288942
12,64130,72,-278997,289442
12,64131,61.5,-278997,289942
12,64132,61.5,-278997,290442
12,64453,79,-278497,281442
12,64454,79,-278497,281942
12,64455,79,-278497,282442
12,64456,72,-278497,282942
12,64457,72,-278497,283442
12,64458,72,-278497,283942
12,64459,72,-278497,284442
12,64460,72,-278497,284942
12,64461,72,-278497,285442
12,64462,72,-278497,285942
12,64463,54,-278497,286442
12,64464,23.5,-278497,286942
12,64465,61.5,-278497,287442
12,64466,61.5,-278497,287942
12,64467,72,-278497,288442
12,64468,72,-278497,288942
12,64469,67.5,-278497,289442
12,64470,72,-278497,289942
12,64471,61.5,-278497,290442
12,64793,72,-277997,281442
12,64794,79,-277997,281942
12,64795,79,-277997,282442
12,64796,79,-277997,282942
12,64797,79,-277997,283442
12,64798,72,-277997,283942
12,64799,72,-277997,284442
12,64800,72,-277997,284942
12,64801,72,-277997,285442
12,64802,61.5,-277997,285942
12,64803,23.5,-277997,286442
12,64804,100,-277997,286942
12,64805,23.5,-277997,287442
12,64806,23.5,-277997,287942
12,64807,100,-277997,288442
12,64808,72,-277997,288942
12,64809,67.5,-277997,289442
12,64810,79,-277997,289942
12,64811,23.5,-277997,290442
12,65132,79,-277497,280942
12,65133,72,-277497,281442
12,65134,72,-277497,281942
12,65135,79,-277497,282442
12,65136,79,-277497,282942
12,65137,79,-277497,283442
12,65138,79,-277497,283942
12,65139,79,-277497,284442
12,65140,79,-277497,284942
12,65141,79,-277497,285442
12,65142,61.5,-277497,285942
12,65143,61.5,-277497,286442
12,65144,54,-277497,286942
12,65145,23.5,-277497,287442
12,65146,23.5,-277497,287942
12,65147,61.5,-277497,288442
12,65148,72,-277497,288942
12,65149,79,-277497,289442
12,65150,79,-277497,289942
12,65151,79,-277497,290442
12,65473,79,-276997,280942
12,65474,72,-276997,281442
12,65475,72,-276997,281942
12,65476,72,-276997,282442
12,65477,79,-276997,282942
12,65478,79,-276997,283442
12,65479,79,-276997,283942
12,65480,79,-276997,284442
12,65481,79,-276997,284942
12,65482,79,-276997,285442
12,65483,79,-276997,285942
12,65484,79,-276997,286442
12,65485,54,-276997,286942
12,65486,54,-276997,287442
12,65487,79,-276997,287942
12,65488,79,-276997,288442
12,65489,54,-276997,288942
12,65490,54,-276997,289442
12,65491,79,-276997,289942
12,65492,67.5,-276997,290442
12,65814,79,-276497,280942
12,65815,72,-276497,281442
12,65816,72,-276497,281942
12,65817,72,-276497,282442
12,65818,79,-276497,282942
12,65819,79,-276497,283442
12,65820,67.5,-276497,283942
12,65821,67.5,-276497,284442
12,65822,79,-276497,284942
12,65823,79,-276497,285442
12,65824,67.5,-276497,285942
12,65825,79,-276497,286442
12,65826,54,-276497,286942
12,65827,54,-276497,287442
12,65828,79,-276497,287942
12,65829,79,-276497,288442
12,65830,79,-276497,288942
12,65831,54,-276497,289442
12,65832,54,-276497,289942
12,65833,67.5,-276497,290442
12,66157,79,-275997,281442
12,66158,79,-275997,281942
12,66159,79,-275997,282442
12,66160,79,-275997,282942
12,66161,79,-275997,283442
12,66162,67.5,-275997,283942
12,66163,67.5,-275997,284442
12,66164,79,-275997,284942
12,66165,79,-275997,285442
12,66166,79,-275997,285942
12,66167,79,-275997,286442
12,66168,67.5,-275997,286942
12,66169,100,-275997,287442
12,66170,67.5,-275997,287942
12,66171,67.5,-275997,288442
12,66172,67.5,-275997,288942
12,66173,67.5,-275997,289442
12,66174,67.5,-275997,289942
12,66175,67.5,-275997,290442
12,66498,67.5,-275497,280942
12,66499,79,-275497,281442
12,66500,72,-275497,281942
12,66501,79,-275497,282442
12,66502,79,-275497,282942
12,66503,79,-275497,283442
12,66504,67.5,-275497,283942
12,66505,79,-275497,284442
12,66506,79,-275497,284942
12,66507,72,-275497,285442
12,66508,72,-275497,285942
12,66509,79,-275497,286442
12,66510,79,-275497,286942
12,66511,67.5,-275497,287442
12,66512,79,-275497,287942
12,66513,79,-275497,288442
12,66514,79,-275497,288942
12,66515,67.5,-275497,289442
12,66516,79,-275497,289942
12,66517,67.5,-275497,290442
12,66836,61.5,-274997,279442
12,66837,61.5,-274997,279942
12,66838,23.5,-274997,280442
12,66839,72,-274997,280942
12,66840,72,-274997,281442
12,66841,72,-274997,281942
12,66842,79,-274997,282442
12,66843,79,-274997,282942
12,66844,79,-274997,283442
12,66845,79,-274997,283942
12,66846,79,-274997,284442
12,66847,79,-274997,284942
12,66848,72,-274997,285442
12,66849,72,-274997,285942
12,66850,79,-274997,286442
12,66851,67.5,-274997,286942
12,66852,79,-274997,287442
12,66853,79,-274997,287942
12,66854,79,-274997,288442
12,66855,79,-274997,288942
12,66856,79,-274997,289442
12,66857,67.5,-274997,289942
12,66858,67.5,-274997,290442
12,67177,61.5,-274497,279442
12,67178,23.5,-274497,279942
12,67179,72,-274497,280442
12,67180,54,-274497,280942
12,67181,72,-274497,281442
12,67182,54,-274497,281942
12,67183,79,-274497,282442
12,67184,67.5,-274497,282942
12,67185,79,-274497,283442
12,67186,67.5,-274497,283942
12,67187,79,-274497,284442
12,67188,79,-274497,284942
12,67189,72,-274497,285442
12,67190,72,-274497,285942
12,67191,79,-274497,286442
12,67192,72,-274497,286942
12,67193,72,-274497,287442
12,67194,79,-274497,287942
12,67195,67.5,-274497,288442
12,67196,79,-274497,288942
12,67197,79,-274497,289442
12,67198,67.5,-274497,289942
12,67199,67.5,-274497,290442
12,67518,100,-273997,279442
12,67519,72,-273997,279942
12,67520,54,-273997,280442
12,67521,72,-273997,280942
12,67522,72,-273997,281442
12,67523,72,-273997,281942
12,67524,67.5,-273997,282442
12,67525,79,-273997,282942
12,67526,72,-273997,283442
12,67527,79,-273997,283942
12,67528,85,-273997,284442
12,67529,79,-273997,284942
12,67530,72,-273997,285442
12,67531,72,-273997,285942
12,67532,72,-273997,286442
12,67533,72,-273997,286942
12,67534,67.5,-273997,287442
12,67535,79,-273997,287942
12,67536,79,-273997,288442
12,67537,79,-273997,288942
12,67538,79,-273997,289442
12,67539,67.5,-273997,289942
12,67540,67.5,-273997,290442
12,67859,67.5,-273497,279442
12,67860,67.5,-273497,279942
12,67861,72,-273497,280442
12,67862,72,-273497,280942
12,67863,72,-273497,281442
12,67864,72,-273497,281942
12,67865,72,-273497,282442
12,67866,72,-273497,282942
12,67867,72,-273497,283442
12,67868,72,-273497,283942
12,67869,79,-273497,284442
12,67870,79,-273497,284942
12,67871,72,-273497,285442
12,67872,54,-273497,285942
12,67873,54,-273497,286442
12,67874,79,-273497,286942
12,67875,79,-273497,287442
12,67876,79,-273497,287942
12,67877,79,-273497,288442
12,67878,79,-273497,288942
12,67879,79,-273497,289442
12,67880,67.5,-273497,289942
12,68202,61.5,-272997,279442
12,68203,61.5,-272997,279942
12,68204,72,-272997,280442
12,68205,72,-272997,280942
12,68206,54,-272997,281442
12,68207,72,-272997,281942
12,68208,72,-272997,282442
12,68209,72,-272997,282942
12,68210,72,-272997,283442
12,68211,54,-272997,283942
12,68212,72,-272997,284442
12,68213,54,-272997,284942
12,68214,54,-272997,285442
12,68215,54,-272997,285942
12,68216,72,-272997,286442
12,68217,79,-272997,286942
12,68218,79,-272997,287442
12,68219,79,-272997,287942
12,68220,79,-272997,288442
12,68221,79,-272997,288942
12,68222,79,-272997,289442
12,68223,67.5,-272997,289942
12,68543,61.5,-272497,279442
12,68544,72,-272497,279942
12,68545,72,-272497,280442
12,68546,72,-272497,280942
12,68547,54,-272497,281442
12,68548,72,-272497,281942
12,68549,72,-272497,282442
12,68550,72,-272497,282942
12,68551,72,-272497,283442
12,68552,72,-272497,283942
12,68553,72,-272497,284442
12,68554,100,-272497,284942
12,68555,54,-272497,285442
12,68556,54,-272497,285942
12,68557,72,-272497,286442
12,68558,72,-272497,286942
12,68559,79,-272497,287442
12,68560,79,-272497,287942
12,68561,79,-272497,288442
12,68562,67.5,-272497,288942
12,68563,79,-272497,289442
12,68564,67.5,-272497,289942
12,68890,72,-271997,282442
12,68891,79,-271997,282942
12,68892,79,-271997,283442
12,68893,72,-271997,283942
12,68894,72,-271997,284442
12,68895,54,-271997,284942
12,68896,54,-271997,285442
12,68897,72,-271997,285942
12,68898,72,-271997,286442
12,68899,79,-271997,286942
12,68900,79,-271997,287442
12,68901,79,-271997,287942
12,68902,79,-271997,288442
12,68903,79,-271997,288942
12,68904,79,-271997,289442
12,68905,67.5,-271997,289942
13,64472,100,-278497,290942
13,64812,61.5,-277997,290942
13,65152,61.5,-277497,290942
13,65153,23.5,-277497,291442
13,65493,79,-276997,290942
13,65494,66,-276997,291442
13,65834,67.5,-276497,290942
13,65835,85,-276497,291442
13,65836,100,-276497,291942
13,66176,72,-275997,290942
13,66177,72,-275997,291442
13,66178,23.5,-275997,291942
13,66518,72,-275497,290942
13,66519,72,-275497,291442
13,66859,79,-274997,290942
13,66860,79,-274997,291442
13,67200,79,-274497,290942
13,67201,67.5,-274497,291442
13,67541,79,-273997,290942
13,67542,100,-273997,291442
13,67881,67.5,-273497,290442
13,67882,67.5,-273497,290942
13,67883,67.5,-273497,291442
13,67884,100,-273497,291942
13,68224,67.5,-272997,290442
13,68225,67.5,-272997,290942
13,68226,23.5,-272997,291442
13,68565,67.5,-272497,290442
13,68566,64,-272497,290942
13,68567,61.5,-272497,291442
13,68906,67.5,-271997,290442
13,68907,79,-271997,290942
13,68908,61.5,-271997,291442
13,68909,100,-271997,291942
14,62097,79,-281997,283942
14,62098,79,-281997,284442
14,62431,79,-281497,283442
14,62432,79,-281497,283942
14,62433,79,-281497,284442
14,62434,72,-281497,284942
14,62435,72,-281497,285442
14,62441,61.5,-281497,288442
14,62766,79,-280997,283442
14,62767,72,-280997,283942
14,62768,72,-280997,284442
14,62769,72,-280997,284942
14,62770,72,-280997,285442
14,62771,54,-280997,285942
14,62772,72,-280997,286442
14,62775,23.5,-280997,287942
14,62776,23.5,-280997,288442
14,62777,23.5,-280997,288942
14,62778,23.5,-280997,289442
14,63103,79,-280497,283442
14,63104,54,-280497,283942
14,63105,54,-280497,284442
14,63106,72,-280497,284942
14,63107,72,-280497,285442
14,63108,72,-280497,285942
14,63109,54,-280497,286442
14,63110,72,-280497,286942
14,63111,72,-280497,287442
14,63112,23.5,-280497,287942
14,63113,23.5,-280497,288442
14,63114,61.5,-280497,288942
14,63115,61.5,-280497,289442
14,63116,100,-280497,289942
14,63440,79,-279997,282942
14,63441,54,-279997,283442
14,63442,54,-279997,283942
14,63443,100,-279997,284442
14,63444,72,-279997,284942
14,63445,72,-279997,285442
14,63446,54,-279997,285942
14,63447,54,-279997,286442
14,63448,72,-279997,286942
14,63449,54,-279997,287442
14,63450,23.5,-279997,287942
14,63451,23.5,-279997,288442
14,63452,61.5,-279997,288942
14,63453,79,-279997,289442
14,63454,67.5,-279997,289942
14,63785,72,-279497,286442
14,63786,72,-279497,286942
14,63787,72,-279497,287442
14,63788,54,-279497,287942
14,63789,61.5,-279497,288442
14,63790,79,-279497,288942
14,63791,79,-279497,289442
14,63792,61.5,-279497,289942
14,63793,100,-279497,290442
